<?xml version="1.0" encoding="UTF-8"?>
<project-private xmlns="http://www.netbeans.org/ns/project-private/1">
    <editor-bookmarks xmlns="http://www.netbeans.org/ns/editor-bookmarks/1"/>
    <editor-bookmarks xmlns="http://www.netbeans.org/ns/editor-bookmarks/2" lastBookmarkId="0"/>
    <open-files xmlns="http://www.netbeans.org/ns/projectui-open-files/2">
        <group>
            <file>file:/G:/2nd%20Year/Second%20Term/OR%202/2015%20OR%20pro/src/or_2_project/Nort_West.java</file>
            <file>file:/G:/2nd%20Year/Second%20Term/OR%202/2015%20OR%20pro/src/or_2_project/GuiTransportation.java</file>
            <file>file:/G:/2nd%20Year/Second%20Term/OR%202/2015%20OR%20pro/src/or_2_project/FrameSolutionOfTransportation.java</file>
        </group>
    </open-files>
</project-private>
