burgers,meatballs,eggs,,,,,,,
chutney,,,,,,,,,
turkey,avocado,,,,,,,,
mineral water,milk,energy bar,whole wheat rice,green tea,,,,,
low fat yogurt,,,,,,,,,
whole wheat pasta,french fries,,,,,,,,
soup,light cream,shallot,,,,,,,
frozen vegetables,spaghetti,green tea,,,,,,,
french fries,,,,,,,,,
eggs,pet food,,,,,,,,
cookies,,,,,,,,,
turkey,burgers,mineral water,eggs,cooking oil,,,,,
spaghetti,champagne,cookies,,,,,,,
mineral water,salmon,,,,,,,,
mineral water,,,,,,,,,
shrimp,chocolate,chicken,honey,oil,cooking oil,low fat yogurt,,,
turkey,eggs,,,,,,,,
turkey,fresh tuna,tomatoes,spaghetti,mineral water,black tea,salmon,eggs,chicken,extra dark chocolate
meatballs,milk,honey,french fries,protein bar,,,,,
red wine,shrimp,pasta,pepper,eggs,chocolate,shampoo,,,
rice,sparkling water,,,,,,,,
spaghetti,mineral water,ham,body spray,pancakes,green tea,,,,
burgers,grated cheese,shrimp,pasta,avocado,honey,white wine,toothpaste,,
eggs,,,,,,,,,
parmesan cheese,spaghetti,soup,avocado,milk,fresh bread,,,,
ground beef,spaghetti,mineral water,milk,energy bar,black tea,salmon,frozen smoothie,escalope,
sparkling water,,,,,,,,,
mineral water,eggs,chicken,chocolate,french fries,,,,,
frozen vegetables,spaghetti,yams,mineral water,,,,,,
herb & pepper,tomato sauce,light cream,magazines,,,,,,
mineral water,chocolate,avocado,eggs,,,,,,
turkey,french fries,strawberries,,,,,,,
frozen vegetables,strong cheese,chocolate,,,,,,,
cookies,,,,,,,,,
pickles,spaghetti,salmon,escalope,,,,,,
energy bar,french fries,,,,,,,,
red wine,ground beef,mineral water,,,,,,,
mineral water,cake,cottage cheese,,,,,,,
pickles,champagne,green tea,,,,,,,
spaghetti,,,,,,,,,
fresh tuna,frozen vegetables,spaghetti,mineral water,honey,whole wheat rice,frozen smoothie,escalope,,
spaghetti,,,,,,,,,
soup,meatballs,hot dogs,sparkling water,,,,,,
escalope,,,,,,,,,
soup,avocado,french fries,hot dogs,brownies,body spray,pancakes,green tea,,
mineral water,chicken,cereals,clothes accessories,,,,,,
mineral water,bug spray,,,,,,,,
avocado,muffins,,,,,,,,
burgers,black tea,green tea,,,,,,,
